ESW-441,REQ-2-ESW-1295,REQ-2-ESW-1285
ESW-442,REQ-2-ESW-1295,REQ-2-ESW-1285
ESW-443,REQ-2-ESW-1295,REQ-2-ESW-1285
ESW-444,REQ-2-ESW-1295,REQ-2-ESW-1285
ESW-445,REQ-2-ESW-1295,REQ-2-ESW-1285
ESW-446,REQ-2-ESW-1295,REQ-2-ESW-1285
ESW-447,REQ-2-ESW-1295,REQ-2-ESW-1285
ESW-450,REQ-2-ESW-1300
ESW-451,REQ-2-ESW-1300
ESW-453,REQ-2-ESW-1300
ESW-454,REQ-2-ESW-1300
ESW-455,REQ-2-ESW-1300
ESW-456,REQ-2-ESW-1300
ESW-457,REQ-2-ESW-1300
ESW-458,REQ-2-ESW-1305
ESW-459,REQ-2-ESW-1305
ESW-461,REQ-2-ESW-1305
ESW-462,REQ-2-ESW-1305
ESW-489,
ESW-490,
ESW-491,
ESW-492,
ESW-493,REQ-2-ESW-1305
ESW-494,REQ-2-ESW-1305
ESW-496,REQ-2-ESW-1300
ESW-497,REQ-2-ESW-1305
ESW-500,REQ-2-ESW-1305
ESW-501,REQ-2-ESW-1305
ESW-502,
ESW-503,REQ-2-ESW-1300
ESW-505,
ESW-506,
ESW-507,
ESW-509,REQ-2-ESW-1305
ESW-510,
ESW-514,REQ-2-ESW-1305
ESW-527,
ESW-529,
ESW-537,
ESW-542,
ESW-550,REQ-2-ESW-1305
ESW-565,
ESW-566,
ESW-583,
